Feature,HepG2_Feature_Value,HepG2_Norm_Feature_Value
P_charged_centers,0.0,0.0
N_charged_centers,1.0,1.0
cLogP,12.515,0.9674735249621785
Hbond_D,2.0,0.6666666666666666
Hbond_A,0.0,0.0
Total_Carbon_Tails,36.0,1.0
Double_bonds,2.0,1.0
Size,1224.5,0.625
PDI,0.771333333,0.7563055057748864
Zeta,-6.496666667,0.37369942197161854
NP_ratio,12.0,1.0
PEG_(Chol+PEG),0.99009901,0.08890684992020219
(IL+HL),80.0,1.0
HL_(IL+HL),50.0,1.0
