Feature,PC3_Feature_Value,PC3_Norm_Feature_Value
18PG,0.0,0.0
14PA,1.0,1.0
DOPE,1.0,1.0
DSPC,1.0,1.0
DOTAP,1.0,1.0
DDAB,1.0,1.0
Size,619.5,0.2777777777777778
PDI,0.111333333,0.052930727549886585
Zeta,4.643333333,0.5116845582112565
NP_ratio,12.0,1.0
PEG_(Chol+PEG),0.99009901,0.08890684992020219
(IL+HL),80.0,1.0
HL_(IL+HL),50.0,1.0
