Feature,B16_Feature_Value,B16_Norm_Feature_Value
P_charged_centers,1.0,1.0
N_charged_centers,0.0,0.0
cLogP,12.515,0.9674735249621785
Hbond_D,0.0,0.0
Hbond_A,8.0,0.8
Total_Carbon_Tails,28.0,0.0
Double_bonds,2.0,1.0
Size,388.5,0.125
PDI,0.141666667,0.08525754887575755
Zeta,11.93333333,0.6019818331459965
NP_ratio,12.0,1.0
PEG_(Chol+PEG),0.99009901,0.08890684992020219
(IL+HL),40.0,0.3333333333333333
HL_(IL+HL),9.090909091,0.17359524897081374
