Feature,N2a_Feature_Value,N2a_Norm_Feature_Value
P_charged_centers,1.0,1.0
N_charged_centers,0.0,0.0
cLogP,12.515,1.0
Hbond_D,2.0,0.6666666666666666
Hbond_A,9.0,0.8333333333333334
Double_bonds,2.0,1.0
Size,597.5,0.25
PDI,0.268333333,0.22024866721856082
Zeta,-31.76666667,0.06069364161348523
NP_ratio,4.0,0.0
PEG_(Chol+PEG),0.199600798,0.0
(IL+HL),60.0,0.6666666666666666
HL_(IL+HL),50.0,1.0
