Feature,N2a_Feature_Value,N2a_Norm_Feature_Value
P_charged_centers,1.0,1.0
N_charged_centers,0.0,0.0
cLogP,9.784,0.5729476153244722
Hbond_D,3.0,1.0
Hbond_A,8.0,0.6666666666666666
Double_bonds,2.0,1.0
18PG,1.0,1.0
DOPE,1.0,1.0
DSPC,0.0,0.0
DOTAP,0.0,0.0
Size,1114.5,0.5555555555555556
PDI,0.081666667,0.021314387218939388
Zeta,-31.76666667,0.06069364161348523
NP_ratio,4.0,0.0
PEG_(Chol+PEG),0.199600798,0.0
(IL+HL),60.0,0.6666666666666666
HL_(IL+HL),50.0,1.0
