Feature,HepG2_Feature_Value,HepG2_Norm_Feature_Value
P_charged_centers,1.0,1.0
N_charged_centers,1.0,1.0
cLogP,12.515,0.9674735249621785
Hbond_D,2.0,0.6666666666666666
Hbond_A,0.0,0.0
Total_Carbon_Tails,36.0,1.0
Size,179.5,0.0
PDI,0.167333333,0.11261101176291687
Zeta,16.3,0.656069364148962
NP_ratio,12.0,1.0
PEG_(Chol+PEG),0.99009901,0.08890684992020219
(IL+HL),60.0,0.6666666666666666
HL_(IL+HL),50.0,1.0
