Cell_Type,Model,Test Score
HepG2,LGBM,0.052523583106577995
PC3,LGBM,0.05800379803504147
B16,LGBM,0.05822638579852179
N2a,XGB,0.06836899565666402
HEK293,XGB,0.09267359474705551
ARPE19,LGBM,0.10994981785292478
