,HepG2,HEK293,B16,PC3,N2a,ARPE19
RF,0.7362521076568727,0.8035879239943464,0.864085194770529,0.6499324011847487,0.858419027636474,0.8254444691987205
MLR,0.45414476411834875,0.5333671910758129,0.687708265182779,0.5832275333021796,0.525049310128018,0.35957928067484574
lasso,0.2905755954943211,0.20783071467046,0.15049357790894566,0.21226722441556875,0.5560853116810524,0.5342721399385749
PLS,0.43954742260699203,0.4308902501432881,0.6700935678021264,0.5807182884525806,0.49698806942586715,0.36061042803348275
kNN,0.3872580833029286,0.564819090027872,0.6715129072604188,0.5104937391461464,0.7113879278326454,0.6904223563696481
LGBM,0.7454277381706748,0.8005740726024632,0.8891337233993051,0.6372280719406103,0.852598910615115,0.8253795057328625
XGB,0.6927452913565445,0.7981488190641572,0.8617067164075436,0.6290604130780102,0.8475746383245769,0.8270752089325434
DT,0.6444321647074713,0.7078885003500784,0.781752691256212,0.6612622749529952,0.785604522183734,0.7925534159516925
