,HepG2,HEK293,B16,PC3,N2a,ARPE19
RF,0.8498944500034318,0.7929445936150544,0.9016781268525003,0.8714057449788395,0.8395912178679843,0.8098183505591983
MLR,0.49260448581697847,0.393970369346906,0.6609218184933697,0.6053818534980566,0.4898080907934481,0.39876569838733
lasso,0.2895087770399544,0.37622312230991856,0.21266042184432,0.2065722007199623,0.46244017022559153,0.3994489335119239
PLS,[0.4998466829781684],[0.32953409897770286],[0.6538706241063184],[0.6761375750871003],[0.4517377912586083],[0.3991504335590235]
kNN,0.47668760910312946,0.5735353045916243,0.6498670850003355,0.6124342940439089,0.6699867763297866,0.6654108322832647
LGBM,0.8512268506497378,0.78604452921481,0.9167691967425842,0.8677189543095507,0.8568464966351494,0.8420710039077937
XGB,0.8610856212464078,0.7684828490342425,0.8890679507241002,0.8767573450031438,0.9013652942526376,0.8231984325754109
DT,0.7587004516351963,0.6024753309843399,0.8357090585793248,0.8338533922794559,0.8379275116927756,0.723524949290902
