,HepG2,HEK293,B16,PC3,N2a,ARPE19
RF,0.060362676079528915,0.10186322078669215,0.06305103924383385,0.06188124335077925,0.07373825309666149,0.12199417122040074
MLR,0.12302551125424921,0.14669641413299445,0.10425210206980534,0.12147789939616561,0.14564732549100337,0.20684733898660904
lasso,0.12165329450107458,0.16622874873288987,0.15146405438501487,0.14941641483444082,0.1450454597040404,0.20901757750387917
PLS,0.12321438506424133,0.15422680921905943,0.10854378940716403,0.12147438847004564,0.14804342864234674,0.20681192070437648
kNN,0.09416745415767609,0.13789836585807386,0.10620766359051283,0.09628259419514013,0.11756551337090082,0.1631827204584441
LGBM,0.056965203317696715,0.09971857798043834,0.06038943769664996,0.05486202107086515,0.07036482217126813,0.12001129424277363
XGB,0.06166495138637572,0.09839797673778684,0.05713709072114958,0.06116121027163444,0.07360384676864763,0.11501521389151097
DT,0.06453799526315349,0.11309187657300822,0.06969026101985107,0.06482398050399621,0.08730226137490893,0.12610291438979965
