,HepG2,B16,PC3,HEK293,N2a,ARPE19
RF,0.05670916494944051,0.05573876682569684,0.06123892500982026,0.09593168985391912,0.07651614413697665,0.11176116799173634
DT,0.05946862085720663,0.06377292477202871,0.07161153042653282,0.09683983328806292,0.08177458431057297,0.12549639917695474
PLS,0.11644844351134864,0.10024967324077826,0.11544084971036626,0.14089626862291868,0.13992638463314513,0.1637851588263834
kNN,0.09448823458535617,0.09776321442528484,0.07881055512472046,0.12649141633837177,0.13235765413063477,0.16268318724333564
XGB,0.06424649821341723,0.05184179389481215,0.06367799164497868,0.09415719060380834,0.07387248292814433,0.11021409701618683
LGBM,0.05343312779785552,0.04865292753629514,0.059369965468486684,0.0867783099505844,0.07243935836903798,0.10256204212416888
lasso,0.11269979949682547,0.10066307180507961,0.11329275599485038,0.1480269952088977,0.1429530263788527,0.16360535353109354
MLR,0.11587933573935111,0.10010627936041375,0.11538926326804955,0.14068621162743708,0.13996639347929965,0.16363531549480115
MLP,0.07956458151935396,0.06649592920804519,0.06952070583671001,0.10554942881065127,0.12335240159852506,0.15544524136046253
