,HepG2,B16,PC3,HEK293,N2a,ARPE19
RF,0.8722005827360941,0.9068698170450951,0.8396737332591648,0.8305374953357604,0.8965592331105049,0.8447632049472963
DT,0.8258334711888222,0.8581165997743672,0.7979193781189713,0.7713057300902271,0.8732246272510102,0.8057252870870465
PLS,0.5178710289104261,0.7074339480427281,0.6720447114757135,0.5076376619771711,0.6081259154840533,0.6692360263635999
kNN,0.5926928976236209,0.6683528435289657,0.8200949021736957,0.5988013332122726,0.5639975853220451,0.6742219843364609
XGB,0.848014609960358,0.9185190828162757,0.862947725319346,0.8015671806398623,0.9018238202941619,0.8571971793408456
LGBM,0.8811229065742174,0.9349067521773089,0.8559703654236943,0.8276044440235444,0.9064741912581478,0.8633828940153639
lasso,0.5188316726578535,0.7104182010069655,0.6774144214252168,0.45022040369559235,0.5474710348549076,0.658309252371698
MLR,0.5242264831663128,0.7063687084294079,0.6737798529998367,0.5138960759892469,0.6075568861397973,0.6697260603412187
MLP,0.777559145196875,0.8762448644018894,0.8492172307475303,0.7790730555381494,0.688395016460033,0.7353695070639199
