,B16,HepG2,PC3,HEK293,N2a,ARPE19
DT,0.7748844542269944,0.7099125537011182,0.6336766547569298,0.6792940329918381,0.8717174619358269,0.8626223869134476
PLS,0.6867763902125296,0.4253487559032683,0.6008497169961463,0.5523254542132922,0.48314756547024446,0.7192438015214524
MLR,0.6854315859810284,0.43775061107604957,0.6034084362497462,0.5549462607640391,0.5238593568562733,0.7177459334676658
kNN,0.6504143544514084,0.49943286286224475,0.5496519687362446,0.5961608077222836,0.6653976353359778,0.6666466895435811
lasso,0.6945199737789877,0.42992260501668084,0.5934857404897765,0.4991655617270339,0.4498452819968181,0.6995568542030528
RF,0.8871083837649344,0.6990792166079357,0.6621743692098482,0.8539397835472774,0.8919999236264721,0.856231944516966
XGB,0.8916391437625478,0.6957984589240016,0.6754099791231389,0.8445884296403046,0.8820506937090998,0.8617654698112097
MLP,0.8093755881754174,0.6050234405746113,0.6157045848179294,0.7769117809984286,0.711708251028957,0.7432907851492822
LGBM,0.9094553251639,0.7385507994733779,0.721302082315271,0.8785728247625361,0.907209665913949,0.8866234011114716
