Feature,B16_Norm_Feature_Value,HepG2_Norm_Feature_Value,PC3_Norm_Feature_Value,HEK293_Norm_Feature_Value,N2a_Norm_Feature_Value,ARPE19_Norm_Feature_Value
P_charged_centers,1.0,1.0,1.0,1.0,1.0,1.0
cLogP,0.9674735249621785,1.0,1.0,1.0,0.5729476153244722,
Hbond_D,0.6666666666666666,1.0,0.6666666666666666,1.0,,
Double_bonds,1.0,1.0,,1.0,,
NP_ratio,1.0,1.0,1.0,1.0,0.0,0.5
PEG_(Chol+PEG),0.08890684992020219,0.08890684992020219,0.08890684992020219,0.08890684992020219,0.0,0.08890684992020219
(IL+HL),0.3333333333333333,1.0,0.6666666666666666,0.6666666666666666,0.6666666666666666,0.0
HL_(IL+HL),0.17359524897081374,1.0,1.0,0.17359524897081374,1.0,1.0
Hbond_A,,0.9,0.9,0.9,,0.8333333333333334
