,# of Features,Feature names,MAE,MAE_std,Spearman,Spearman_std,Pearson,Pearson_std,linkage distance
0,11,"['P_charged_centers', 'N_charged_centers', 'cLogP', 'cTPSA', 'Hbond_D', 'Hbond_A', 'Double_bonds', 'NP_ratio', 'Dlin-MC3_Helper lipid_ratio', 'Dlin-MC3+Helper lipid percentage', 'Chol_DMG-PEG_ratio']",0.06098,0.00477279792155503,0.893352802488667,0.02020483138590877,0.9141658000089798,0.018100534802681076,0.0
1,10,"['P_charged_centers', 'N_charged_centers', 'cLogP', 'cTPSA', 'Hbond_D', 'Double_bonds', 'NP_ratio', 'Dlin-MC3_Helper lipid_ratio', 'Dlin-MC3+Helper lipid percentage', 'Chol_DMG-PEG_ratio']",0.06098,0.00477279792155503,0.893352802488667,0.02020483138590877,0.9141658000089798,0.018100534802681076,0.02
2,8,"['P_charged_centers', 'N_charged_centers', 'cLogP', 'cTPSA', 'NP_ratio', 'Dlin-MC3_Helper lipid_ratio', 'Dlin-MC3+Helper lipid percentage', 'Chol_DMG-PEG_ratio']",0.06098,0.00477279792155503,0.8933514738303032,0.020204740936029787,0.9141658466096171,0.01810046705859577,0.04
3,7,"['P_charged_centers', 'N_charged_centers', 'cLogP', 'NP_ratio', 'Dlin-MC3_Helper lipid_ratio', 'Dlin-MC3+Helper lipid percentage', 'Chol_DMG-PEG_ratio']",0.06064,0.004637930573003438,0.8922091399382411,0.019428420443784126,0.9149269712061746,0.016690202152964087,0.06
4,6,"['P_charged_centers', 'N_charged_centers', 'NP_ratio', 'Dlin-MC3_Helper lipid_ratio', 'Dlin-MC3+Helper lipid percentage', 'Chol_DMG-PEG_ratio']",0.08783999999999999,0.010108135337439839,0.815154821095514,0.033607780933512764,0.7582108080155241,0.05939461059034567,0.08
5,3,"['P_charged_centers', 'N_charged_centers', 'NP_ratio']",0.16814,0.008685643326777813,0.14929833493770908,0.07200301756306758,0.18901930908376202,0.06139036886724585,0.1
6,2,"['P_charged_centers', 'NP_ratio']",0.16802,0.008410683682079595,0.15201743453858374,0.0695081995885164,0.20573343832498536,0.05756936314614988,0.12
7,1,['P_charged_centers'],0.16722,0.008283211937406887,0.21399223228194889,0.07321837735783146,0.22221470964180454,0.05750726954649595,0.14
