,# of Features,Feature names,MAE,MAE_std,Spearman,Spearman_std,Pearson,Pearson_std,linkage distance
0,11,"['P_charged_centers', 'N_charged_centers', 'cLogP', 'cTPSA', 'Hbond_D', 'Hbond_A', 'Double_bonds', 'NP_ratio', 'Dlin-MC3_Helper lipid_ratio', 'Dlin-MC3+Helper lipid percentage', 'Chol_DMG-PEG_ratio']",0.061180000000000005,0.005082086185809918,0.8877638374518416,0.026398097049675315,0.907277657908358,0.024280353187552985,0.0
1,10,"['P_charged_centers', 'N_charged_centers', 'cLogP', 'cTPSA', 'Hbond_D', 'Double_bonds', 'NP_ratio', 'Dlin-MC3_Helper lipid_ratio', 'Dlin-MC3+Helper lipid percentage', 'Chol_DMG-PEG_ratio']",0.061200000000000004,0.005095095681142799,0.8877191670519515,0.026391516431439714,0.907276512125986,0.02428069929923257,0.02
2,8,"['P_charged_centers', 'N_charged_centers', 'cLogP', 'cTPSA', 'NP_ratio', 'Dlin-MC3_Helper lipid_ratio', 'Dlin-MC3+Helper lipid percentage', 'Chol_DMG-PEG_ratio']",0.06122,0.00509230792470369,0.8878081711686591,0.026345215963770794,0.9073009285134371,0.024278069814323244,0.04
3,7,"['P_charged_centers', 'N_charged_centers', 'cLogP', 'NP_ratio', 'Dlin-MC3_Helper lipid_ratio', 'Dlin-MC3+Helper lipid percentage', 'Chol_DMG-PEG_ratio']",0.061399999999999996,0.005223025942880238,0.8872284321619955,0.0259156972892578,0.9063428868154889,0.025233025400045433,0.06
4,6,"['P_charged_centers', 'N_charged_centers', 'NP_ratio', 'Dlin-MC3_Helper lipid_ratio', 'Dlin-MC3+Helper lipid percentage', 'Chol_DMG-PEG_ratio']",0.08002000000000001,0.007603920041662722,0.8398328235403819,0.029918188894924872,0.8085984573241426,0.043031687953377834,0.08
5,3,"['P_charged_centers', 'N_charged_centers', 'NP_ratio']",0.16819999999999996,0.008613942186943209,0.14734162742371504,0.06981610397236207,0.18842034832222992,0.0609573985510564,0.1
6,2,"['P_charged_centers', 'NP_ratio']",0.16811999999999996,0.008387228386064134,0.15201743453858374,0.0695081995885164,0.20541660585455457,0.057317703470992194,0.12
7,1,['P_charged_centers'],0.16726,0.008315792205196085,0.21399223228194889,0.07321837735783146,0.22221470964180454,0.05750726954649592,0.14
