Feature,HepG2_Feature_Value,HepG2_Norm_Feature_Value
18PG,1.0,1.0
14PA,0.0,0.0
DOPE,1.0,1.0
DSPC,1.0,1.0
DOTAP,1.0,1.0
DDAB,1.0,1.0
Size,1312.5,0.6666666666666666
PDI,0.651666667,0.628774422958712
Zeta,5.006666667,0.5161849711010581
NP_ratio,12.0,1.0
PEG_(Chol+PEG),0.99009901,0.08890684992020219
(IL+HL),80.0,1.0
HL_(IL+HL),50.0,1.0
