Feature,B16_Feature_Value,B16_Norm_Feature_Value
P_charged_centers,1.0,1.0
cLogP,12.515,0.9674735249621785
Hbond_D,2.0,0.6666666666666666
Hbond_A,8.0,0.8
Total_Carbon_Tails,36.0,1.0
Double_bonds,2.0,1.0
NP_ratio,12.0,1.0
PEG_(Chol+PEG),0.99009901,0.08890684992020219
(IL+HL),40.0,0.3333333333333333
HL_(IL+HL),9.090909091,0.17359524897081374
