,# of Features,Feature names,MAE,MAE_std,Spearman,Spearman_std,Pearson,Pearson_std,linkage distance
0,11,"['P_charged_centers', 'N_charged_centers', 'cLogP', 'cTPSA', 'Hbond_D', 'Hbond_A', 'Double_bonds', 'NP_ratio', 'Dlin-MC3_Helper lipid_ratio', 'Dlin-MC3+Helper lipid percentage', 'Chol_DMG-PEG_ratio']",0.10265999999999999,0.008689326786351174,0.8200371617632974,0.02970828634026584,0.8258875010866273,0.030132396732366784,0.0
1,10,"['P_charged_centers', 'N_charged_centers', 'cLogP', 'cTPSA', 'Hbond_D', 'Double_bonds', 'NP_ratio', 'Dlin-MC3_Helper lipid_ratio', 'Dlin-MC3+Helper lipid percentage', 'Chol_DMG-PEG_ratio']",0.10265999999999999,0.008689326786351174,0.8200371617632974,0.02970828634026584,0.8258875010866273,0.030132396732366784,0.02
2,8,"['P_charged_centers', 'N_charged_centers', 'cLogP', 'cTPSA', 'NP_ratio', 'Dlin-MC3_Helper lipid_ratio', 'Dlin-MC3+Helper lipid percentage', 'Chol_DMG-PEG_ratio']",0.10265999999999999,0.008689326786351174,0.8200371617632974,0.02970828634026584,0.8258875010866273,0.030132396732366784,0.04
3,7,"['P_charged_centers', 'N_charged_centers', 'cLogP', 'NP_ratio', 'Dlin-MC3_Helper lipid_ratio', 'Dlin-MC3+Helper lipid percentage', 'Chol_DMG-PEG_ratio']",0.10401999999999999,0.0089944204927277,0.8150270671129409,0.03155527313568985,0.8198140498452473,0.031830665877008585,0.06
4,6,"['P_charged_centers', 'N_charged_centers', 'NP_ratio', 'Dlin-MC3_Helper lipid_ratio', 'Dlin-MC3+Helper lipid percentage', 'Chol_DMG-PEG_ratio']",0.12234000000000002,0.008758104817824462,0.7726390315596574,0.028480800844647196,0.7357107715394869,0.036764186359062534,0.08
5,3,"['P_charged_centers', 'N_charged_centers', 'NP_ratio']",0.2132,0.00940638081304388,0.21418274605652768,0.05095066813058827,0.2485760677378515,0.04653494515409469,0.1
6,2,"['P_charged_centers', 'NP_ratio']",0.21396,0.00947831208602038,0.18632005499529494,0.06070463651342553,0.25500446589105336,0.04211632870927407,0.12
7,1,['P_charged_centers'],0.21338000000000001,0.00930782466530177,0.2645547492329751,0.048725572698600686,0.26696250997328963,0.043929198943748804,0.14
