Feature,N2a_Feature_Value,N2a_Norm_Feature_Value
P_charged_centers,1.0,1.0
N_charged_centers,0.0,0.0
cLogP,9.784,0.5729476153244722
Hbond_A,9.0,0.8333333333333334
Zeta,-27.3,0.11601981836366472
PEG_(Chol+PEG),0.199600798,0.0
(IL+HL),60.0,0.6666666666666666
HL_(IL+HL),50.0,1.0
Lipid_NA_ratio,11.09176574,0.010592724443347955
