Feature,ARPE19_Feature_Value,ARPE19_Norm_Feature_Value
18PG,0.0,0.0
DOPE,1.0,1.0
DSPC,0.0,0.0
DOTAP,1.0,1.0
Size,1609.5,0.8333333333333334
PDI,0.378,0.3371225574909849
Zeta,-2.746666667,0.42014863749214293
NP_ratio,4.0,0.0
PEG_(Chol+PEG),0.99009901,0.08890684992020219
(IL+HL),20.0,0.0
HL_(IL+HL),50.0,1.0
