Feature,PC3_Feature_Value,PC3_Norm_Feature_Value
P_charged_centers,1.0,1.0
N_charged_centers,0.0,0.0
cLogP,12.73,1.0
Hbond_D,2.0,0.6666666666666666
Hbond_A,9.0,0.9
Total_Carbon_Tails,36.0,1.0
Double_bonds,2.0,1.0
Size,817.5,0.3888888888888889
PDI,0.111333333,0.052930727549886585
Zeta,4.226666667,0.5065235342727892
NP_ratio,12.0,1.0
PEG_(Chol+PEG),0.99009901,0.08890684992020219
(IL+HL),60.0,0.6666666666666666
HL_(IL+HL),50.0,1.0
