Feature,ARPE19_Feature_Value,ARPE19_Norm_Feature_Value
P_charged_centers,1.0,1.0
N_charged_centers,0.0,0.0
cLogP,9.784,0.5729476153244722
Hbond_D,2.0,0.6666666666666666
Hbond_A,9.0,0.8333333333333334
Double_bonds,2.0,1.0
18PG,0.0,0.0
DOPE,0.0,0.0
Size,520.5,0.2222222222222222
PDI,0.488666667,0.455062167124356
Zeta,-27.6,0.11230388112202276
NP_ratio,8.0,0.5
PEG_(Chol+PEG),0.99009901,0.08890684992020219
(IL+HL),40.0,0.3333333333333333
HL_(IL+HL),50.0,1.0
