Feature,N2a_Feature_Value,N2a_Norm_Feature_Value
18PG,0.0,0.0
DOPE,1.0,1.0
DSPC,0.0,0.0
DOTAP,1.0,1.0
Size,1114.5,0.5555555555555556
PDI,0.081666667,0.021314387218939388
Zeta,-31.76666667,0.06069364161348523
NP_ratio,4.0,0.0
PEG_(Chol+PEG),0.199600798,0.0
(IL+HL),60.0,0.6666666666666666
HL_(IL+HL),50.0,1.0
