,HepG2,HEK293,N2a,ARPE19,B16,PC3
RF,0.5195869516585948,0.7515889317997618,0.8315373141946374,0.6526452294938113,0.7906622481695506,0.46542509968390133
MLR,0.3975728483569225,0.3963781262186712,0.5699568347767457,0.4323178200611274,0.5923145820179754,0.41069533727758195
lasso,0.27567249077142697,0.3927289035471359,0.5615707674927191,0.42606445127318415,0.6010860338390724,0.3503634515530259
PLS,0.384743158185643,0.4150020250926765,0.5699568347767457,0.4835021781716164,0.5895783951334639,0.3593693786957865
kNN,0.39393980420036806,0.5924657196918293,0.7603929170067146,0.5573090154223966,0.5298990652211899,0.3324237713915684
LGBM,0.5113059259765037,0.7815612428278012,0.820176208587361,0.6495120056824093,0.7021404871575524,0.4500388185263769
XGB,0.46310489307470876,0.7892015670056408,0.8508921581812386,0.7205106138193799,0.7439776570288845,0.49195478820789784
DT,0.4530417338856293,0.607231383760382,0.7607249506829886,0.5247756561865774,0.7759008435727497,0.45866216073727967
