,HepG2,HEK293,N2a,ARPE19,B16,PC3
RF,0.0557343387805708,0.10933940403193115,0.07282739950426369,0.12414504885920728,0.05996213740730263,0.05607346430865219
MLR,0.08628226947410607,0.14460599601340046,0.12775171144507638,0.16831052009812977,0.08530604382191093,0.10158789747977044
lasso,0.08716115594077259,0.14886646711448448,0.1247744362893035,0.17080761711971432,0.08803131052602604,0.10549820291846745
PLS,0.08885087122950222,0.14351519389754436,0.12775718344782172,0.17029242111135437,0.08611528917439358,0.10364700933281963
kNN,0.07564970008449497,0.13364369096522666,0.1025176514301091,0.14365250816249023,0.08770483095107183,0.07802009466812022
LGBM,0.05636107179778798,0.10032084055283752,0.07311569199421343,0.1209505624526237,0.061505538582557855,0.0530623898027888
XGB,0.05863763923526794,0.09961257527839806,0.07028403071281927,0.11680413636191508,0.05892453930506265,0.05642113986399322
DT,0.061470196618177333,0.12702401612895978,0.08904876489185239,0.13883571234289374,0.0634910950759845,0.06008953731353385
