,HepG2,HEK293,N2a,ARPE19,B16,PC3
RF,0.8525555782100818,0.7398237716018958,0.8300285351133556,0.7422129793581637,0.8989448491760048,0.8418448976125072
MLR,0.40210700339377475,0.3666416386887857,0.5384046366252848,0.4325144962208185,0.6858397605787228,0.6731911117962548
lasso,0.35467407254232197,0.3656388345398176,0.5229530585023915,0.41380407605475844,0.6737686165346739,0.5932144472373836
PLS,[0.45231583942482084],[0.3992026240801008],[0.5383879280215473],[0.4953419442676031],[0.6526467765389397],[0.6034310192702204]
kNN,0.431604765875394,0.5396416815183273,0.693991040003366,0.6200409782866315,0.6260974458824836,0.7050137877873275
LGBM,0.7217145452819695,0.7564651607879704,0.8616254480982144,0.7352675451697773,0.8101452625234773,0.8405941358301232
XGB,0.699251588583854,0.7596833889120032,0.8882861727221453,0.7698733494608896,0.8285172031895636,0.8222799056686674
DT,0.8012249796828517,0.6199781475273562,0.8120392791998926,0.6155365406702258,0.8602504357508192,0.8395580341939405
