Feature,B16_Feature_Value,B16_Norm_Feature_Value
18PG,0.0,0.0
DOPE,1.0,1.0
DSPC,1.0,1.0
DOTAP,1.0,1.0
DDAB,1.0,1.0
NP_ratio,12.0,1.0
PEG_(Chol+PEG),0.99009901,0.08890684992020219
(IL+HL),40.0,0.3333333333333333
HL_(IL+HL),9.090909091,0.17359524897081374
