Feature,HEK293_Feature_Value,HEK293_Norm_Feature_Value
P_charged_centers,1.0,1.0
N_charged_centers,1.0,1.0
cLogP,12.73,1.0
Hbond_D,2.0,0.6666666666666666
Hbond_A,9.0,0.9
Total_Carbon_Tails,36.0,1.0
Double_bonds,2.0,1.0
Size,179.5,0.0
PDI,0.152333333,0.0966252213487123
Zeta,6.303333333,0.5322460776150085
NP_ratio,12.0,1.0
PEG_(Chol+PEG),0.99009901,0.08890684992020219
(IL+HL),60.0,0.6666666666666666
HL_(IL+HL),9.090909091,0.17359524897081374
