,HepG2,PC3,HEK293,B16,N2a,ARPE19
Model_Name,LGBM,LGBM,LGBM,LGBM,LGBM,LGBM
MAE,0.04946425686986875,0.05065504036966828,0.08276427166032546,0.04947807631796939,0.058445382822047365,0.0927288951639323
Spearman,0.6962508456028498,0.6743354440219297,0.8496129639015745,0.9095773049264858,0.8980654825241551,0.8763522068457192
Pearson,0.8844402232368639,0.9031958829675858,0.8337190891473443,0.9302870108680908,0.9175705404371539,0.8856589995337136
