,HepG2,PC3,HEK293,B16,N2a,ARPE19
RF,0.059869512569277,0.060318220286872,0.10209861644042854,0.06252508942622056,0.07634546347870745,0.12602431693989072
MLR,0.11584418665992163,0.11728344604052045,0.14944129691717745,0.10130483313931773,0.14454918909170275,0.20691133956198504
lasso,0.1127871362367794,0.11690445144229272,0.1546122008325236,0.10352302012298974,0.14263314439201633,0.20693123701511118
PLS,0.11345490295748771,0.11728886819114984,0.14858900238794515,0.10037008704759519,0.14554340260830487,0.20684237085672208
kNN,0.08828278898920174,0.09587802348090016,0.13265852880671355,0.10674148812818725,0.11443404052484481,0.1570361239568755
LGBM,0.060449034716735364,0.060283449595195576,0.1011191178083406,0.05828979622410375,0.06952303441333435,0.11428707331117291
XGB,0.0599275180157747,0.06293836375737229,0.09912996588868923,0.06010324980480119,0.06942654527897324,0.11876152084348449
DT,0.062013200762346274,0.06362266778414932,0.12460020090953686,0.0664301532403273,0.07031462607428475,0.13361044702489375
