,HepG2,PC3,HEK293,B16,N2a,ARPE19
MLR,0.3862881825279365,0.5578343245721712,0.4373629655281042,0.6697112485277097,0.4856708824481238,0.4601119830980072
LGBM,0.6805970093400868,0.6612915036321274,0.8211110130674818,0.9007254397244967,0.8842592911241851,0.8466734890712367
DT,0.6329384883430849,0.580592804429661,0.6545130592917381,0.8105082824509291,0.7961900219495416,0.7749742940095411
RF,0.6729847649720021,0.5759245306171247,0.8006910721681112,0.8759093354305001,0.8727251081263977,0.8313083028994022
PLS,0.45463718710309825,0.5558809666973143,0.43824581129683704,0.6696105343500497,0.48991996112227276,0.4608018108770603
kNN,0.43247479975474495,0.4493556342620049,0.5769512672851284,0.6108518714608877,0.6369681225278622,0.6718076409300721
lasso,0.45606573055899274,0.552409597029865,0.4110127473393825,0.6626945136571378,0.46464605586803326,0.46399244879027246
XGB,0.6609751925320781,0.6120566870232702,0.7864553192974051,0.8688059836049854,0.870669829591842,0.8439372992245728
