,HepG2,PC3,HEK293,B16,N2a,ARPE19
Model_Name,LGBM,LGBM,LGBM,LGBM,LGBM,LGBM
MAE,0.05216764810222053,0.052462219379747994,0.09039122634962064,0.0547364256695434,0.06538451941313843,0.10747328300272672
Spearman,0.6805970093400868,0.6612915036321274,0.8211110130674818,0.9007254397244967,0.8842592911241851,0.8466734890712367
Pearson,0.8812162036806696,0.8987793693360364,0.8047001229462916,0.9149118315759623,0.901396353795187,0.8471855191928843
