,HepG2,PC3,HEK293,B16,N2a,ARPE19
RF,0.8568494484852474,0.8669425641640174,0.795672775602008,0.8931391838051561,0.8262686189014137,0.7677881480527933
MLR,0.49669326443012535,0.6585608638878625,0.4150902689581889,0.6797451887135486,0.49978581385225335,0.39899851704143585
lasso,0.4957902374786032,0.6207201324565409,0.3637221742670492,0.6728653496129745,0.4986869027571305,0.4895656253537018
PLS,[0.516834972365189],[0.659113223765957],[0.47680866539263117],[0.6946656022490075],[0.47685023747600425],[0.39956123530788423]
kNN,0.3641619753428814,0.6135610686402684,0.4693525952376901,0.6883057680536964,0.6899357727727649,0.7097577958719915
LGBM,0.8632299519083843,0.8833090478833077,0.784294883883526,0.8958550685321269,0.9047205553991491,0.8419221175424005
XGB,0.8530159504772259,0.8774445293541282,0.7690030585830303,0.8928565968394198,0.8612693998235542,0.8185807186081169
DT,0.7633833187977237,0.85408611128478,0.6465440397318831,0.8547268959823204,0.8802306608118073,0.7716889436550515
