,B16,HepG2,PC3,HEK293,N2a,ARPE19
LGBM,0.0547364256695434,0.05216764810222053,0.052462219379747994,0.09039122634962064,0.06538451941313843,0.10747328300272672
lasso,0.10566923329613037,0.10922691114417658,0.11488594736211684,0.15349728071953697,0.14681515501613596,0.205633120391689
RF,0.05926345120849977,0.05878598635152161,0.056107869165720935,0.09848023081101893,0.06855244956677464,0.11618801516112848
DT,0.07018969771123063,0.061036319487573,0.06557444517802202,0.11909543014217684,0.08277292131463736,0.12458354725369755
kNN,0.10304534523319352,0.08914325692593358,0.09008039713230748,0.13189183389080708,0.11988151776140342,0.1554185388942238
XGB,0.06012611174699782,0.05612791276206037,0.06445701598380238,0.09615397080964543,0.0690453015606869,0.10845777997492971
PLS,0.10376158263430281,0.11008867041219864,0.11658481528257117,0.14927484454130013,0.14628358449299117,0.20400768335933916
MLR,0.10341844067315133,0.10976421717396787,0.11636551950534463,0.1491345357981125,0.14707160821915827,0.20405649013343982
