,B16,HepG2,PC3,HEK293,N2a,ARPE19
kNN,0.1190801163559729,0.10231359742519627,0.09130591407731747,0.13983152296454066,0.13657834924306855,0.17339347215332382
RF,0.05691905296183969,0.05712485511827615,0.06130736533994452,0.09692722845420539,0.07418012510853725,0.11754817079862816
MLP,0.07933461959140589,0.09803420743566447,0.07747816836703371,0.10025368428235072,0.13004096086490588,0.15120133755951545
MLR,0.10010627936041307,0.11422555748123153,0.11448673896195491,0.14068621162743838,0.13996639347930231,0.16363531549480145
PLS,0.10086770509861588,0.11562074473071837,0.11498100241561797,0.14068167569709603,0.13994750251133872,0.16362834720361952
LGBM,0.05072313650598409,0.059248503830906206,0.058960775429230644,0.08801445305857541,0.0648783324766365,0.1048206435552543
DT,0.05773211247872737,0.06855579662597207,0.06493238623775524,0.10492210751284364,0.07577982342004866,0.12368752338196784
lasso,0.11650968031221043,0.11480048432852807,0.11719078828481932,0.1508369344781123,0.14475342165922964,0.16770534292087363
XGB,0.053665241590663694,0.06134017490888637,0.0695758222603942,0.08699208648861498,0.07257062257024251,0.11657054101804734
